id,title_2,description_2,id_description
100000,Recorrido a pie por la ciudad con entrada a las catacumbas,"Realiza un recorrido guiado por el centro de una ciudad histórica, explorando monumentos importantes y estructuras coloniales. Visita una iglesia histórica, un monasterio barroco y un sitio subterráneo de relevancia histórica. Descubre vestigios antiguos y aprende sobre la cultura local.","100000 Realiza un recorrido guiado por el centro de una ciudad histórica, explorando monumentos importantes y estructuras coloniales. Visita una iglesia histórica, un monasterio barroco y un sitio subterráneo de relevancia histórica. Descubre vestigios antiguos y aprende sobre la cultura local."
100001,Recorrido por las Pirámides Incas en el Santuario de Pachacamac,"Explora el fascinante sitio arqueológico de Pachacamac, una de las maravillas de la costa central de Sudamérica. Admira las imponentes pirámides de adobe, antiguos caminos incas y palacios, todo mientras disfrutas de una vista impresionante del valle que marca el límite final de Lima. Destaca la Pirámide del Templo del Sol, un centro ceremonial que ofrece vistas panorámicas del océano y los Andes. A lo largo del recorrido, descubrirás los ingeniosos acueductos subterráneos incas, una obra maestra de la ingeniería antigua.","100001 Explora el fascinante sitio arqueológico de Pachacamac, una de las maravillas de la costa central de Sudamérica. Admira las imponentes pirámides de adobe, antiguos caminos incas y palacios, todo mientras disfrutas de una vista impresionante del valle que marca el límite final de Lima. Destaca la Pirámide del Templo del Sol, un centro ceremonial que ofrece vistas panorámicas del océano y los Andes. A lo largo del recorrido, descubrirás los ingeniosos acueductos subterráneos incas, una obra maestra de la ingeniería antigua."
100003,Clase de Cocina Peruana: Tradición y Creatividad,"Únete a una divertida clase de cocina donde aprenderás a preparar algunos de los platos más emblemáticos de la gastronomía peruana, como la causa de pollo, el ceviche y el pisco sour. Guiado por chefs locales apasionados, descubrirás nuevas técnicas culinarias y explorarás sabores auténticos utilizando ingredientes peruanos frescos. Vive una experiencia única que combina la tradición con un enfoque moderno en un ambiente relajado, mientras compartes la alegría de la cocina peruana.","100003 Únete a una divertida clase de cocina donde aprenderás a preparar algunos de los platos más emblemáticos de la gastronomía peruana, como la causa de pollo, el ceviche y el pisco sour. Guiado por chefs locales apasionados, descubrirás nuevas técnicas culinarias y explorarás sabores auténticos utilizando ingredientes peruanos frescos. Vive una experiencia única que combina la tradición con un enfoque moderno en un ambiente relajado, mientras compartes la alegría de la cocina peruana."
100004,Tour Gastronómico por Lima: Sabores y Cultura Peruana,"Embárcate en un recorrido a pie para explorar los sabores más representativos de la gastronomía peruana. A lo largo de esta experiencia, degustarás una variedad de platos tradicionales como el ceviche, el lomo saltado y el famoso pisco sour, junto con otras delicias locales. Además de disfrutar de la comida, aprenderás sobre la historia y la cultura de Perú mientras visitas Barranco, uno de los barrios más encantadores de Lima. Este tour también te permitirá conocer a artesanos y empresarios locales, sumergiéndote en la rica tradición culinaria y cultural del país.","100004 Embárcate en un recorrido a pie para explorar los sabores más representativos de la gastronomía peruana. A lo largo de esta experiencia, degustarás una variedad de platos tradicionales como el ceviche, el lomo saltado y el famoso pisco sour, junto con otras delicias locales. Además de disfrutar de la comida, aprenderás sobre la historia y la cultura de Perú mientras visitas Barranco, uno de los barrios más encantadores de Lima. Este tour también te permitirá conocer a artesanos y empresarios locales, sumergiéndote en la rica tradición culinaria y cultural del país."
100005,Recorrido en Bicicleta por los Distritos de Miraflores y Barranco,"Explora los vibrantes distritos de Miraflores y Barranco en un recorrido en bicicleta que te llevará por algunos de los lugares más emblemáticos de Lima. Comienza en el Parque Kennedy de Miraflores, luego pedalea hacia la costa para disfrutar de impresionantes vistas panorámicas del océano Pacífico. Continuamos hacia Barranco, el corazón artístico de Lima, donde podrás admirar el Puente de los Suspiros y los coloridos murales que adornan las calles. Disfruta de un paseo agradable y activo mientras descubres la esencia de estos dos icónicos barrios.","100005 Explora los vibrantes distritos de Miraflores y Barranco en un recorrido en bicicleta que te llevará por algunos de los lugares más emblemáticos de Lima. Comienza en el Parque Kennedy de Miraflores, luego pedalea hacia la costa para disfrutar de impresionantes vistas panorámicas del océano Pacífico. Continuamos hacia Barranco, el corazón artístico de Lima, donde podrás admirar el Puente de los Suspiros y los coloridos murales que adornan las calles. Disfruta de un paseo agradable y activo mientras descubres la esencia de estos dos icónicos barrios."
100006,Vuelo en Parapente sobre la Costa Verde,"Vuela sobre la impresionante costa de Lima en un emocionante vuelo en parapente motorizado, conocido como paratrike. Disfruta de vistas espectaculares de los acantilados de la Costa Verde, pasando por varios distritos de la ciudad. El vuelo ofrece una experiencia única, con la seguridad garantizada gracias a equipos profesionales y pilotos experimentados. Al finalizar, recibirás un video de alta calidad para recordar esta increíble aventura.","100006 Vuela sobre la impresionante costa de Lima en un emocionante vuelo en parapente motorizado, conocido como paratrike. Disfruta de vistas espectaculares de los acantilados de la Costa Verde, pasando por varios distritos de la ciudad. El vuelo ofrece una experiencia única, con la seguridad garantizada gracias a equipos profesionales y pilotos experimentados. Al finalizar, recibirás un video de alta calidad para recordar esta increíble aventura."
100007,"Recorrido por Miraflores y Barranco: Historia, Arte y Paisajes","Descubre la belleza y la historia de algunos de los distritos más emblemáticos de Lima. Comienza explorando Miraflores, donde podrás admirar el yacimiento arqueológico de Huaca Pucllana, un antiguo centro ceremonial de adobe. Luego, relájate en el Parque de los Olivos, en San Isidro, un espacio tranquilo rodeado de árboles centenarios. Continúa con una visita al Parque del Amor, conocido por su icónica escultura El Beso, y disfruta de las vistas al océano Pacífico desde los acantilados de Miraflores. Finalmente, adéntrate en Barranco, el vibrante barrio artístico de Lima, famoso por sus murales y el Puente de los Suspiros, un lugar lleno de encanto y tradición.","100007 Descubre la belleza y la historia de algunos de los distritos más emblemáticos de Lima. Comienza explorando Miraflores, donde podrás admirar el yacimiento arqueológico de Huaca Pucllana, un antiguo centro ceremonial de adobe. Luego, relájate en el Parque de los Olivos, en San Isidro, un espacio tranquilo rodeado de árboles centenarios. Continúa con una visita al Parque del Amor, conocido por su icónica escultura El Beso, y disfruta de las vistas al océano Pacífico desde los acantilados de Miraflores. Finalmente, adéntrate en Barranco, el vibrante barrio artístico de Lima, famoso por sus murales y el Puente de los Suspiros, un lugar lleno de encanto y tradición."
100008,Circuito Mágico del Agua: Espectáculo de Luces y Agua,"Vive una experiencia única en el Circuito Mágico del Agua, un parque conocido por su impresionante espectáculo de luces, agua y sonido. El evento principal es una fuente coreografiada que se ilumina con proyecciones acompañadas de música tradicional, creando una atmósfera mágica.","100008 Vive una experiencia única en el Circuito Mágico del Agua, un parque conocido por su impresionante espectáculo de luces, agua y sonido. El evento principal es una fuente coreografiada que se ilumina con proyecciones acompañadas de música tradicional, creando una atmósfera mágica."
100009,Tour Arqueológico de Lima: Huaca Pucllana y Museo Larco,"Descubre las maravillas arqueológicas de Lima con una visita a Huaca Pucllana, una antigua pirámide preincaica construida en adobe, y el Museo Larco, que alberga una impresionante colección de arte precolombino. Aprende sobre la historia de las civilizaciones que habitaron la región y explora su legado artístico, desde cerámicas hasta joyas de gran valor cultural. Este recorrido te permitirá sumergirte en el vibrante pasado de Lima, una ciudad donde la historia antigua y la modernidad se encuentran.","100009 Descubre las maravillas arqueológicas de Lima con una visita a Huaca Pucllana, una antigua pirámide preincaica construida en adobe, y el Museo Larco, que alberga una impresionante colección de arte precolombino. Aprende sobre la historia de las civilizaciones que habitaron la región y explora su legado artístico, desde cerámicas hasta joyas de gran valor cultural. Este recorrido te permitirá sumergirte en el vibrante pasado de Lima, una ciudad donde la historia antigua y la modernidad se encuentran."
100010,Tour a pie por el centro histórico de Lima (grupo reducido),"Recorre a pie el centro histórico de Lima y descubre sus principales monumentos, como la Plaza Mayor, el convento de Santo Domingo, la Casa de la Literatura Peruana y la antigua muralla española. Explora la historia y la arquitectura de la ciudad mientras te sumerges en su vibrante cultura y tradiciones. Esta experiencia te permitirá conocer los aspectos más representativos de Lima a tu propio ritmo.","100010 Recorre a pie el centro histórico de Lima y descubre sus principales monumentos, como la Plaza Mayor, el convento de Santo Domingo, la Casa de la Literatura Peruana y la antigua muralla española. Explora la historia y la arquitectura de la ciudad mientras te sumerges en su vibrante cultura y tradiciones. Esta experiencia te permitirá conocer los aspectos más representativos de Lima a tu propio ritmo."
100011,Visita al yacimiento arqueológico de Pachacamac,"Explora uno de los sitios arqueológicos más importantes de la costa peruana, Pachacamac, que data de más de mil años. Comienza en su museo, donde descubrirás una rica colección de artefactos, como cerámicas, textiles y figuras de madera, que narran la historia de las antiguas civilizaciones que habitaron esta región. Luego, recorre las ruinas, donde podrás admirar estructuras de adobe y piedra, incluidos el Templo del Sol y el Templo de Pachacamac, dedicados a los dioses preincaicos e incas. Esta experiencia te permitirá sumergirte en la historia y el legado cultural de Perú.","100011 Explora uno de los sitios arqueológicos más importantes de la costa peruana, Pachacamac, que data de más de mil años. Comienza en su museo, donde descubrirás una rica colección de artefactos, como cerámicas, textiles y figuras de madera, que narran la historia de las antiguas civilizaciones que habitaron esta región. Luego, recorre las ruinas, donde podrás admirar estructuras de adobe y piedra, incluidos el Templo del Sol y el Templo de Pachacamac, dedicados a los dioses preincaicos e incas. Esta experiencia te permitirá sumergirte en la historia y el legado cultural de Perú."
100012,Clase de surf para todos los niveles,Aprende a surfear en las costas de Lima con clases adaptadas a principiantes y avanzados. Mejora tu técnica y disfruta de la experiencia guiada por instructores profesionales en un ambiente seguro.,100012 Aprende a surfear en las costas de Lima con clases adaptadas a principiantes y avanzados. Mejora tu técnica y disfruta de la experiencia guiada por instructores profesionales en un ambiente seguro.
100013,Recorrido en Bicicleta por la Ciudad,"Explora Lima de una manera única y activa, pedaleando por sus históricos distritos. Inicia en Miraflores, pasando por la Huaca Pucllana, uno de los yacimientos arqueológicos más antiguos. Continúa tu ruta hacia el Parque El Olivar en San Isidro, un pulmón verde lleno de historia y biodiversidad. Recorrerás varias zonas emblemáticas, disfrutando de un pequeño refrigerio durante el camino. A continuación, pedalea por el malecón de Miraflores y Barranco, donde descubrirás la parte bohemia de Lima, con su arte urbano y calles pintorescas. Al final, regresarás al punto de inicio, habiendo vivido una experiencia vibrante por la ciudad.","100013 Explora Lima de una manera única y activa, pedaleando por sus históricos distritos. Inicia en Miraflores, pasando por la Huaca Pucllana, uno de los yacimientos arqueológicos más antiguos. Continúa tu ruta hacia el Parque El Olivar en San Isidro, un pulmón verde lleno de historia y biodiversidad. Recorrerás varias zonas emblemáticas, disfrutando de un pequeño refrigerio durante el camino. A continuación, pedalea por el malecón de Miraflores y Barranco, donde descubrirás la parte bohemia de Lima, con su arte urbano y calles pintorescas. Al final, regresarás al punto de inicio, habiendo vivido una experiencia vibrante por la ciudad."
100014,callao nadar con leones marinos tour en barco por las islas palomino,"Disfruta de una excursión en barco hacia las Islas Palomino, donde podrás nadar junto a leones marinos en su hábitat natural. Navegarás por el mar abierto, explorando las islas cercanas y observando la fauna marina. Durante el recorrido, tendrás la oportunidad de disfrutar de vistas panorámicas de la costa y el mar, además de un tiempo para disfrutar del paisaje natural de la región.","100014 Disfruta de una excursión en barco hacia las Islas Palomino, donde podrás nadar junto a leones marinos en su hábitat natural. Navegarás por el mar abierto, explorando las islas cercanas y observando la fauna marina. Durante el recorrido, tendrás la oportunidad de disfrutar de vistas panorámicas de la costa y el mar, además de un tiempo para disfrutar del paisaje natural de la región."
100015,Recorrido por Lima con Visita a las Catacumbas de San Francisco,"Un recorrido guiado por los distritos más representativos de Lima, incluyendo Miraflores y San Isidro. Visita el Parque del Amor, la Huaca Pucllana, el Bosque de Olivos y el centro financiero de la ciudad. En el centro histórico, declarado Patrimonio de la Humanidad, se exploran monumentos coloniales como la Plaza San Martín y la Plaza de Armas, además de la Catedral y el Palacio de Gobierno. El tour incluye una visita al Convento de San Francisco y sus catacumbas, una de las criptas subterráneas más importantes de Lima.","100015 Un recorrido guiado por los distritos más representativos de Lima, incluyendo Miraflores y San Isidro. Visita el Parque del Amor, la Huaca Pucllana, el Bosque de Olivos y el centro financiero de la ciudad. En el centro histórico, declarado Patrimonio de la Humanidad, se exploran monumentos coloniales como la Plaza San Martín y la Plaza de Armas, además de la Catedral y el Palacio de Gobierno. El tour incluye una visita al Convento de San Francisco y sus catacumbas, una de las criptas subterráneas más importantes de Lima."
100016,"Clase de Cocina Peruana en Miraflores: Ceviche, Pisco Sour y Mariscos","Una experiencia gastronómica en un local exclusivo en Miraflores donde aprenderás a cocinar platos emblemáticos de la cocina peruana. Comienza con un tartar de atún, seguido de la preparación del famoso ceviche peruano con la receta secreta, y finaliza aprendiendo a hacer el cóctel clásico: el pisco sour. Durante la actividad, descubrirás la historia del pisco y probarás diversas frutas exóticas mientras cocinas.","100016 Una experiencia gastronómica en un local exclusivo en Miraflores donde aprenderás a cocinar platos emblemáticos de la cocina peruana. Comienza con un tartar de atún, seguido de la preparación del famoso ceviche peruano con la receta secreta, y finaliza aprendiendo a hacer el cóctel clásico: el pisco sour. Durante la actividad, descubrirás la historia del pisco y probarás diversas frutas exóticas mientras cocinas."
100017,Circuito Mágico del Agua y Tour Nocturno en el Centro Histórico,"Sumérgete en la historia y la magia de Lima durante este tour nocturno. Comienza explorando el Convento de San Francisco y sus famosas catacumbas. Adéntrate en un mundo subterráneo lleno de historia, arte en madera y piedra, y antiguos pasillos y túneles donde se encuentran los restos de personas de siglos pasados. Luego, recorre las históricas calles de Lima, comenzando por la iluminada Catedral de Lima, una joya arquitectónica renacentista. Pasea por la Plaza Mayor, admirando edificios emblemáticos como el Palacio de Gobierno y el Palacio Municipal. Vive la atmósfera nocturna en el bulevar de Chabuca Granda, mientras disfrutas de postres y bebidas tradicionales como picarones, churros, y chicha morada. Finalmente, termina la noche en el Circuito Mágico del Agua, el complejo de fuentes más grande del mundo, reconocido por el récord Guinness. Disfruta de un impresionante espectáculo de luces, música, colores y chorros de agua que alcanzan hasta 80 metros de altura. ¡Un cierre espectacular para una noche llena de historia y magia!","100017 Sumérgete en la historia y la magia de Lima durante este tour nocturno. Comienza explorando el Convento de San Francisco y sus famosas catacumbas. Adéntrate en un mundo subterráneo lleno de historia, arte en madera y piedra, y antiguos pasillos y túneles donde se encuentran los restos de personas de siglos pasados. Luego, recorre las históricas calles de Lima, comenzando por la iluminada Catedral de Lima, una joya arquitectónica renacentista. Pasea por la Plaza Mayor, admirando edificios emblemáticos como el Palacio de Gobierno y el Palacio Municipal. Vive la atmósfera nocturna en el bulevar de Chabuca Granda, mientras disfrutas de postres y bebidas tradicionales como picarones, churros, y chicha morada. Finalmente, termina la noche en el Circuito Mágico del Agua, el complejo de fuentes más grande del mundo, reconocido por el récord Guinness. Disfruta de un impresionante espectáculo de luces, música, colores y chorros de agua que alcanzan hasta 80 metros de altura. ¡Un cierre espectacular para una noche llena de historia y magia!"
100018,Visita al Complejo Arqueológico Inca de Pachacamac,"Viaja hacia el sureste de Lima para explorar el impresionante complejo arqueológico de Pachacamac, un importante sitio religioso y ceremonial dedicado al dios creador Pachacamac. Descubre la historia y las tradiciones del imperio inca en su museo, que alberga una fascinante colección de artefactos descubiertos en las excavaciones. Pasea por las antiguas ruinas y disfruta de las impresionantes vistas del océano Pacífico desde la majestuosa pirámide del Templo del Sol. Aprovecha la oportunidad para conocer más sobre la cultura inca mientras exploras este lugar sagrado, lleno de misterio y belleza. Al finalizar el recorrido, disfruta de un delicioso tradicional alfajor, típico de la región, antes de regresar a Lima con recuerdos inolvidables de una de las maravillas arqueológicas más importantes del Perú.","100018 Viaja hacia el sureste de Lima para explorar el impresionante complejo arqueológico de Pachacamac, un importante sitio religioso y ceremonial dedicado al dios creador Pachacamac. Descubre la historia y las tradiciones del imperio inca en su museo, que alberga una fascinante colección de artefactos descubiertos en las excavaciones. Pasea por las antiguas ruinas y disfruta de las impresionantes vistas del océano Pacífico desde la majestuosa pirámide del Templo del Sol. Aprovecha la oportunidad para conocer más sobre la cultura inca mientras exploras este lugar sagrado, lleno de misterio y belleza. Al finalizar el recorrido, disfruta de un delicioso tradicional alfajor, típico de la región, antes de regresar a Lima con recuerdos inolvidables de una de las maravillas arqueológicas más importantes del Perú."
100019,Tour en Bicicleta por la Costa Verde y la Estatua de Jesús en Chorrillos,"Comienza tu aventura con un encuentro en Miraflores, cerca del Parque Francisco de Miranda, donde tu guía te dará un breve resumen del recorrido. Súbete a la bicicleta y pedalea por los acantilados de Miraflores, disfrutando del aire fresco del mar y del sol. Recorre la costa hasta llegar al Centro Comercial Larcomar y continúa tu camino hacia el barrio bohemio de Barranco. Pedalea por sus encantadoras calles, descubre arte urbano y murales que adornan el vecindario, y si lo deseas, haz una parada en el famoso Puente de los Suspiros. Tu recorrido continúa hacia Chorrillos, donde subirás al Cerro del Morro. Desde la cima, podrás admirar la estatua de Jesús, la más alta del mundo, que ilumina la bahía de Lima cada noche. Al regresar a Barranco, haz una pausa en una cafetería local para relajarte con un helado, café, cerveza artesanal o batido, mientras reflexionas sobre la belleza del recorrido y la vibrante ciudad de Lima","100019 Comienza tu aventura con un encuentro en Miraflores, cerca del Parque Francisco de Miranda, donde tu guía te dará un breve resumen del recorrido. Súbete a la bicicleta y pedalea por los acantilados de Miraflores, disfrutando del aire fresco del mar y del sol. Recorre la costa hasta llegar al Centro Comercial Larcomar y continúa tu camino hacia el barrio bohemio de Barranco. Pedalea por sus encantadoras calles, descubre arte urbano y murales que adornan el vecindario, y si lo deseas, haz una parada en el famoso Puente de los Suspiros. Tu recorrido continúa hacia Chorrillos, donde subirás al Cerro del Morro. Desde la cima, podrás admirar la estatua de Jesús, la más alta del mundo, que ilumina la bahía de Lima cada noche. Al regresar a Barranco, haz una pausa en una cafetería local para relajarte con un helado, café, cerveza artesanal o batido, mientras reflexionas sobre la belleza del recorrido y la vibrante ciudad de Lima"
100020,.La Casa de Aliaga: Un Tesoro Colonial en el Centro de Lima,"Descubre la historia perdurable de la Casa de Aliaga, una de las joyas más valiosas de Lima, que ha permanecido intacta desde la fundación de la ciudad. Su arquitectura, arte y estilo hacen de este recorrido una experiencia única, perfecta para quienes buscan un rincón especial de alto valor histórico. A través de sus materiales de construcción, sus pinturas y bien mantenidos muros, la Casa de Aliaga narra la herencia cultural y el impacto de esta familia en la formación de las bases sociales de Perú. Una visita imprescindible para quienes deseen explorar un tesoro histórico en el corazón de Lima.","100020 Descubre la historia perdurable de la Casa de Aliaga, una de las joyas más valiosas de Lima, que ha permanecido intacta desde la fundación de la ciudad. Su arquitectura, arte y estilo hacen de este recorrido una experiencia única, perfecta para quienes buscan un rincón especial de alto valor histórico. A través de sus materiales de construcción, sus pinturas y bien mantenidos muros, la Casa de Aliaga narra la herencia cultural y el impacto de esta familia en la formación de las bases sociales de Perú. Una visita imprescindible para quienes deseen explorar un tesoro histórico en el corazón de Lima."
100021, Taller Interactivo de Chocolate en Lima.,"Sumérgete en el fascinante mundo del cacao y aprende el arte ancestral de la elaboración del chocolate en un taller práctico. Desde la selección y tostado de las habas hasta la creación de tus propios bombones y chocolates calientes, esta experiencia te permitirá descubrir los secretos detrás de uno de los chocolates más reconocidos a nivel mundial. Conoce la historia del cacao y disfruta de un momento dulce creando delicias únicas con tus propias manos..","100021 Sumérgete en el fascinante mundo del cacao y aprende el arte ancestral de la elaboración del chocolate en un taller práctico. Desde la selección y tostado de las habas hasta la creación de tus propios bombones y chocolates calientes, esta experiencia te permitirá descubrir los secretos detrás de uno de los chocolates más reconocidos a nivel mundial. Conoce la historia del cacao y disfruta de un momento dulce creando delicias únicas con tus propias manos.."
100022,.Recorrido Colorido por Barranco y Arte Urbano,"Sumérgete en el vibrante espíritu bohemio de Barranco, el distrito más artístico y colorido de Lima. En un recorrido a pie, explorarás sus calles llenas de historia, arte urbano y murales que cuentan historias fascinantes. Disfruta de un paseo por sus famosas calles, como la Bajada de Baños, rodeado de plantas, árboles y una arquitectura única. Conoce el significado profundo de los murales mientras te adentras en la cultura local. Al final, relájate admirando la costa o bajando a la playa, disfrutando del aire fresco y la belleza de este icónico distrito..","100022 Sumérgete en el vibrante espíritu bohemio de Barranco, el distrito más artístico y colorido de Lima. En un recorrido a pie, explorarás sus calles llenas de historia, arte urbano y murales que cuentan historias fascinantes. Disfruta de un paseo por sus famosas calles, como la Bajada de Baños, rodeado de plantas, árboles y una arquitectura única. Conoce el significado profundo de los murales mientras te adentras en la cultura local. Al final, relájate admirando la costa o bajando a la playa, disfrutando del aire fresco y la belleza de este icónico distrito.."
100023,. Tour en Bicicleta con Degustación de Sabores Peruanos,"Recorre las coloridas calles de Lima en bicicleta mientras disfrutas de sus sabores más representativos. Desde el delicioso café de Terrua hasta la refrescante chicha morada, este recorrido gastronómico y cultural te llevará por los emblemáticos puntos de la ciudad. Pedalea por el Malecón de Miraflores, explora Barranco y sus murales de arte urbano, y degusta platos icónicos como la butifarra y el ceviche en el camino. Un viaje único para los amantes de la cultura, el arte y la gastronomía peruana.","100023 Recorre las coloridas calles de Lima en bicicleta mientras disfrutas de sus sabores más representativos. Desde el delicioso café de Terrua hasta la refrescante chicha morada, este recorrido gastronómico y cultural te llevará por los emblemáticos puntos de la ciudad. Pedalea por el Malecón de Miraflores, explora Barranco y sus murales de arte urbano, y degusta platos icónicos como la butifarra y el ceviche en el camino. Un viaje único para los amantes de la cultura, el arte y la gastronomía peruana."
100024," Aventura Extrema en Lunahuaná: Rafting, Cuatrimoto y Canopy.","Vive un día lleno de adrenalina y cultura en Lunahuaná. Desde un recorrido en cuatrimoto por el pintoresco Cerro Azul, hasta emocionantes actividades como rafting en el río Cañete y canopy entre impresionantes paisajes. Disfruta de la serenidad del puente Catapalla, aprende sobre apicultura con mieles artesanales y degusta vinos en una bodega vitivinícola local. Concluye tu jornada con un city tour por las encantadoras calles de Lunahuaná, donde historia y aventura se fusionan. ¡Una experiencia única que no querrás perderte!","100024 Vive un día lleno de adrenalina y cultura en Lunahuaná. Desde un recorrido en cuatrimoto por el pintoresco Cerro Azul, hasta emocionantes actividades como rafting en el río Cañete y canopy entre impresionantes paisajes. Disfruta de la serenidad del puente Catapalla, aprende sobre apicultura con mieles artesanales y degusta vinos en una bodega vitivinícola local. Concluye tu jornada con un city tour por las encantadoras calles de Lunahuaná, donde historia y aventura se fusionan. ¡Una experiencia única que no querrás perderte!"
100025,Relajación y Salud en los Baños Termales de Churín,"Escápate al corazón de los Andes y disfruta de la tranquilidad de las aguas termales de Churín, un destino reconocido por sus propiedades curativas. En este recorrido, podrás sumergirte en las piscinas naturales de agua caliente mientras te rodeas de hermosos paisajes montañosos. Explora el histórico pueblo de Sayán, con su encantadora plaza y dulces tradicionales, antes de relajarte en los complejos termales de Mamahuarmi y los baños del Tingo, donde las aguas ricas en minerales te ofrecerán una experiencia de bienestar y rejuvenecimiento. Un día perfecto para descansar y revitalizarte en la naturaleza..","100025 Escápate al corazón de los Andes y disfruta de la tranquilidad de las aguas termales de Churín, un destino reconocido por sus propiedades curativas. En este recorrido, podrás sumergirte en las piscinas naturales de agua caliente mientras te rodeas de hermosos paisajes montañosos. Explora el histórico pueblo de Sayán, con su encantadora plaza y dulces tradicionales, antes de relajarte en los complejos termales de Mamahuarmi y los baños del Tingo, donde las aguas ricas en minerales te ofrecerán una experiencia de bienestar y rejuvenecimiento. Un día perfecto para descansar y revitalizarte en la naturaleza.."
100026,Visita al Museo Larco: Viaje a la Historia Precolombina de Perú,"Sumérgete en la rica herencia cultural de Perú con una visita al Museo Larco, un tesoro de arte precolombino ubicado en una majestuosa mansión virreinal del siglo XVIII. Explora su vasta colección, que abarca desde la cerámica moche hasta exquisitos artefactos de oro y plata, cada uno narrando historias de antiguas civilizaciones peruanas. El museo también alberga una fascinante colección de arte erótico, que revela el simbolismo de la sexualidad en las culturas prehispánicas. Disfruta de la serenidad de sus hermosos jardines y aprovecha la oportunidad para participar en sus talleres y eventos, sumergiéndote aún más en el fascinante patrimonio peruano..","100026 Sumérgete en la rica herencia cultural de Perú con una visita al Museo Larco, un tesoro de arte precolombino ubicado en una majestuosa mansión virreinal del siglo XVIII. Explora su vasta colección, que abarca desde la cerámica moche hasta exquisitos artefactos de oro y plata, cada uno narrando historias de antiguas civilizaciones peruanas. El museo también alberga una fascinante colección de arte erótico, que revela el simbolismo de la sexualidad en las culturas prehispánicas. Disfruta de la serenidad de sus hermosos jardines y aprovecha la oportunidad para participar en sus talleres y eventos, sumergiéndote aún más en el fascinante patrimonio peruano.."
100027,Sandboarding en las Dunas de Lima: Aventura y Belleza Natural,"Siente la adrenalina del sandboarding deslizándote por las dunas doradas de Lima, rodeado de un paisaje desértico impresionante. Ya seas un principiante o un experto, esta actividad te conecta con la emoción del deporte mientras te maravillas con las vistas panorámicas del océano y la vasta extensión del desierto. La combinación de velocidad, desafío y belleza natural crea una experiencia inolvidable, perfecta para quienes buscan una aventura única y llena de emoción en un entorno espectacular..","100027 Siente la adrenalina del sandboarding deslizándote por las dunas doradas de Lima, rodeado de un paisaje desértico impresionante. Ya seas un principiante o un experto, esta actividad te conecta con la emoción del deporte mientras te maravillas con las vistas panorámicas del océano y la vasta extensión del desierto. La combinación de velocidad, desafío y belleza natural crea una experiencia inolvidable, perfecta para quienes buscan una aventura única y llena de emoción en un entorno espectacular.."
100028,Tour Gastronómico y Cultural por los Mercados Locales de Lima,"Embárcate en un recorrido único por los mercados locales de Lima, donde descubrirás la esencia de la gastronomía peruana a través de sus sabores más auténticos. Desde la vibrante oferta de frutas exóticas en el mercado de Surquillo hasta la experiencia del ceviche, la causa y los platos típicos de la selva como el juane y el chaufa de cecina en el mercado de Surco. Este tour no solo es una fiesta para los sentidos, sino también una inmersión cultural en la tradición de los mercados que han sido el alma de la ciudad durante siglos..","100028 Embárcate en un recorrido único por los mercados locales de Lima, donde descubrirás la esencia de la gastronomía peruana a través de sus sabores más auténticos. Desde la vibrante oferta de frutas exóticas en el mercado de Surquillo hasta la experiencia del ceviche, la causa y los platos típicos de la selva como el juane y el chaufa de cecina en el mercado de Surco. Este tour no solo es una fiesta para los sentidos, sino también una inmersión cultural en la tradición de los mercados que han sido el alma de la ciudad durante siglos.."
100029,Fiesta Nocturna en Lima: Recorrido por Barranco y Miraflores,"Vive la emoción de la vida nocturna de Lima mientras te sumerges en las vibrantes energías de Barranco y Miraflores. Desde los bares con ambiente bohemio en Barranco hasta las vistas espectaculares al mar en Miraflores, cada lugar ofrece una experiencia única llena de diversión, risas y nuevas conexiones. Disfruta de una noche llena de música, buenos momentos y la oportunidad de conocer gente de todo el mundo. Deja que la magia de Lima ilumine tu noche mientras exploras su inconfundible escena nocturna..","100029 Vive la emoción de la vida nocturna de Lima mientras te sumerges en las vibrantes energías de Barranco y Miraflores. Desde los bares con ambiente bohemio en Barranco hasta las vistas espectaculares al mar en Miraflores, cada lugar ofrece una experiencia única llena de diversión, risas y nuevas conexiones. Disfruta de una noche llena de música, buenos momentos y la oportunidad de conocer gente de todo el mundo. Deja que la magia de Lima ilumine tu noche mientras exploras su inconfundible escena nocturna.."
100030,Exploración del Yacimiento Arqueológico de Pachacámac,"Sumérgete en la historia antigua de Perú visitando el yacimiento arqueológico de Pachacámac, un importante centro religioso de la época preincaica. Camina entre majestuosas pirámides y templos dedicados al sol, y maravíllate con la arquitectura precisa de sus estructuras. Mientras recorres este sitio ancestral, aprenderás sobre las costumbres y creencias de las civilizaciones que habitaron la costa peruana..","100030 Sumérgete en la historia antigua de Perú visitando el yacimiento arqueológico de Pachacámac, un importante centro religioso de la época preincaica. Camina entre majestuosas pirámides y templos dedicados al sol, y maravíllate con la arquitectura precisa de sus estructuras. Mientras recorres este sitio ancestral, aprenderás sobre las costumbres y creencias de las civilizaciones que habitaron la costa peruana.."
100031,Tour Panorámico en Scooter Eléctrico por Miraflores,"Descubre Miraflores de una forma divertida y ecológica en un tour panorámico en scooter eléctrico. Siente la brisa del océano mientras recorres sus principales calles y parques, disfrutando de vistas espectaculares del Pacífico y de espacios emblemáticos como el Parque Kennedy, el Parque Chino y el Parque del Amor. Vive la emoción de deslizarte por el malecón, pasando junto al icónico Faro de la Marina y terminando en Larcomar, donde podrás admirar las impresionantes vistas desde los acantilados. Una experiencia única que combina naturaleza, cultura y panorámicas inigualables.","100031 Descubre Miraflores de una forma divertida y ecológica en un tour panorámico en scooter eléctrico. Siente la brisa del océano mientras recorres sus principales calles y parques, disfrutando de vistas espectaculares del Pacífico y de espacios emblemáticos como el Parque Kennedy, el Parque Chino y el Parque del Amor. Vive la emoción de deslizarte por el malecón, pasando junto al icónico Faro de la Marina y terminando en Larcomar, donde podrás admirar las impresionantes vistas desde los acantilados. Una experiencia única que combina naturaleza, cultura y panorámicas inigualables."
100032,Exploración de Montañas en la Cordillera de la Viuda,"Embárcate en una aventura única a través de la imponente Cordillera de la Viuda, donde la naturaleza y la historia se encuentran en cada rincón. Disfruta de los paisajes montañosos de la sierra de Lima, mientras exploras los misteriosos petroglifos de Checta y contemplas vistas impresionantes en el mirador de Cochapampa. La belleza de las lagunas Chuchun, Ocho y Leoncocha, junto con el majestuoso nevado de la Viuda, serán el escenario perfecto para una experiencia memorable. Aprende sobre la cría de truchas en la piscifactoría local, y conoce el legado histórico de la ciudad de Canta, con su Plaza de Armas, su iglesia colonial y el santuario de la santa patrona. Una jornada llena de exploración, cultura y hermosos paisajes que te conectarán profundamente con la esencia de la sierra peruana.","100032 Embárcate en una aventura única a través de la imponente Cordillera de la Viuda, donde la naturaleza y la historia se encuentran en cada rincón. Disfruta de los paisajes montañosos de la sierra de Lima, mientras exploras los misteriosos petroglifos de Checta y contemplas vistas impresionantes en el mirador de Cochapampa. La belleza de las lagunas Chuchun, Ocho y Leoncocha, junto con el majestuoso nevado de la Viuda, serán el escenario perfecto para una experiencia memorable. Aprende sobre la cría de truchas en la piscifactoría local, y conoce el legado histórico de la ciudad de Canta, con su Plaza de Armas, su iglesia colonial y el santuario de la santa patrona. Una jornada llena de exploración, cultura y hermosos paisajes que te conectarán profundamente con la esencia de la sierra peruana."
100033,"Senderismo en las Lomas de Lachay, Lima","Sumérgete en la serenidad y la biodiversidad de las Lomas de Lachay, un refugio natural cercano a Lima que ofrece una experiencia única de senderismo. Con sus senderos que se entrelazan entre dunas y colinas, este paraje revela vistas panorámicas impresionantes, mientras te permite conectar profundamente con la naturaleza. Un espacio ideal para quienes buscan escapar del bullicio de la ciudad y disfrutar de la paz y belleza de la flora y fauna local.","100033 Sumérgete en la serenidad y la biodiversidad de las Lomas de Lachay, un refugio natural cercano a Lima que ofrece una experiencia única de senderismo. Con sus senderos que se entrelazan entre dunas y colinas, este paraje revela vistas panorámicas impresionantes, mientras te permite conectar profundamente con la naturaleza. Un espacio ideal para quienes buscan escapar del bullicio de la ciudad y disfrutar de la paz y belleza de la flora y fauna local."
100034,El Último Refugio Salvaje de Lima: Aventura en la Naturaleza,"Descubre el último santuario de vida salvaje en Lima, un refugio natural donde podrás explorar lagunas profundas, observar aves autóctonas y migratorias, y disfrutar de la tranquilidad de la naturaleza. Este recorrido te llevará por un paisaje único, lleno de juncos, plantas palustres y una gran diversidad de especies que habitan en los humedales. La experiencia culmina junto al océano Pacífico, donde podrás relajarte y contemplar las majestuosas olas y aves en vuelo, cerrando esta escapada como un verdadero amante de la naturaleza.","100034 Descubre el último santuario de vida salvaje en Lima, un refugio natural donde podrás explorar lagunas profundas, observar aves autóctonas y migratorias, y disfrutar de la tranquilidad de la naturaleza. Este recorrido te llevará por un paisaje único, lleno de juncos, plantas palustres y una gran diversidad de especies que habitan en los humedales. La experiencia culmina junto al océano Pacífico, donde podrás relajarte y contemplar las majestuosas olas y aves en vuelo, cerrando esta escapada como un verdadero amante de la naturaleza."
100035,Vuelo sobre las Líneas de Nazca: Un Viaje Inolvidable,"Embárcate en una aventura única sobre las enigmáticas Líneas de Nazca. Desde el cielo, admirarás las impresionantes figuras geométricas y representaciones de animales, como el cóndor y el pelícano, que han cautivado al mundo por siglos. Vive una experiencia trascendental mientras sobrevuela estas antiguas figuras, rodeado de paisajes desérticos y misterios que siguen asombrando a los estudiosos. Una excursión que te conectará con la historia y la majestuosidad de una de las maravillas más misteriosas del planeta.","100035 Embárcate en una aventura única sobre las enigmáticas Líneas de Nazca. Desde el cielo, admirarás las impresionantes figuras geométricas y representaciones de animales, como el cóndor y el pelícano, que han cautivado al mundo por siglos. Vive una experiencia trascendental mientras sobrevuela estas antiguas figuras, rodeado de paisajes desérticos y misterios que siguen asombrando a los estudiosos. Una excursión que te conectará con la historia y la majestuosidad de una de las maravillas más misteriosas del planeta."
100036,Excursión a Caral: Descubre la Cuna de la Civilización Andina,"Sumérgete en la historia milenaria de Caral, una de las civilizaciones más antiguas de América, en esta excursión privada. Recorre sus imponentes pirámides y plazas mientras te sumerges en el contexto histórico de la primera ciudad de América. Disfruta del paisaje del valle de Supe, famoso por su agricultura, y explora la majestuosa ciudadela que data del 3000 a.C. Al finalizar, relájate en un restaurante local frente al mar, donde podrás saborear los deliciosos platos típicos de la región. Una experiencia única que combina historia, cultura y gastronomía en un solo viaje.","100036 Sumérgete en la historia milenaria de Caral, una de las civilizaciones más antiguas de América, en esta excursión privada. Recorre sus imponentes pirámides y plazas mientras te sumerges en el contexto histórico de la primera ciudad de América. Disfruta del paisaje del valle de Supe, famoso por su agricultura, y explora la majestuosa ciudadela que data del 3000 a.C. Al finalizar, relájate en un restaurante local frente al mar, donde podrás saborear los deliciosos platos típicos de la región. Una experiencia única que combina historia, cultura y gastronomía en un solo viaje."
100037,Recorrido Nocturno por las Huacas de Lima y Cena en el Museo Larco,"Embárcate en una noche de exploración cultural visitando las huacas más emblemáticas de Lima, como la Huaca Pucllana, Huaca Huallamarca y Huaca Mateo Salado, que te transportarán a tiempos ancestrales en medio de la ciudad moderna. Luego, maravíllate con las exquisitas colecciones de arte precolombino en el Museo Larco, donde podrás admirar piezas de oro, plata y cerámica erótica. Concluye tu experiencia disfrutando de una deliciosa cena en el Café del Museo, rodeado de la encantadora atmósfera de los jardines. Un recorrido único para sumergirse en la historia y cultura peruana bajo las estrellas.","100037 Embárcate en una noche de exploración cultural visitando las huacas más emblemáticas de Lima, como la Huaca Pucllana, Huaca Huallamarca y Huaca Mateo Salado, que te transportarán a tiempos ancestrales en medio de la ciudad moderna. Luego, maravíllate con las exquisitas colecciones de arte precolombino en el Museo Larco, donde podrás admirar piezas de oro, plata y cerámica erótica. Concluye tu experiencia disfrutando de una deliciosa cena en el Café del Museo, rodeado de la encantadora atmósfera de los jardines. Un recorrido único para sumergirse en la historia y cultura peruana bajo las estrellas."
100038,Tour de un Día a la Provincia de Huaral y Chancay desde Lima,"Embárcate en un recorrido de día completo por la encantadora provincia de Huaral y la histórica ciudad de Chancay. Disfruta de una visita a la Hacienda Huando, famosa por sus naranjales, y luego degusta deliciosos vinos y piscos en la Bodega Velarde. A mediodía, disfruta de un almuerzo típico con chancho al palo en un restaurante rural. En Chancay, explora el histórico sitio donde se hundió el barco Covadonga durante la guerra del Pacífico y visita el imponente Castillo de Chancay, que combina historia con actividades culturales.","100038 Embárcate en un recorrido de día completo por la encantadora provincia de Huaral y la histórica ciudad de Chancay. Disfruta de una visita a la Hacienda Huando, famosa por sus naranjales, y luego degusta deliciosos vinos y piscos en la Bodega Velarde. A mediodía, disfruta de un almuerzo típico con chancho al palo en un restaurante rural. En Chancay, explora el histórico sitio donde se hundió el barco Covadonga durante la guerra del Pacífico y visita el imponente Castillo de Chancay, que combina historia con actividades culturales."
100039,Noche de Fiesta en las Azoteas y Discotecas de Barranco con Shots,"Sumérgete en la vibrante vida nocturna de Barranco, el corazón bohemio de Lima. Disfruta de una velada especial explorando azoteas con vistas impresionantes, donde podrás relajarte y disfrutar de un ambiente único. La noche se transforma cuando te adentras en las discotecas más emblemáticas, conocidas por su ambiente animado y auténtico. Este recorrido es la oportunidad perfecta para vivir la esencia de Barranco, disfrutando de la música, las luces y la energía del lugar, creando recuerdos memorables en cada paso.","100039 Sumérgete en la vibrante vida nocturna de Barranco, el corazón bohemio de Lima. Disfruta de una velada especial explorando azoteas con vistas impresionantes, donde podrás relajarte y disfrutar de un ambiente único. La noche se transforma cuando te adentras en las discotecas más emblemáticas, conocidas por su ambiente animado y auténtico. Este recorrido es la oportunidad perfecta para vivir la esencia de Barranco, disfrutando de la música, las luces y la energía del lugar, creando recuerdos memorables en cada paso."
100040,Almuerzo Buffet y Espectáculo de Danzas y Caballos Peruanos de Paso,"Vive una experiencia única que fusiona la tradición y la gastronomía peruana. Disfruta de un almuerzo buffet con una amplia selección de platos emblemáticos de la cocina peruana, seguido por un emocionante espectáculo de danza, donde se interpretan costumbres ancestrales de las diversas regiones del Perú. El evento culmina con un impresionante show de caballos peruanos de paso, una tradición ecuestre vibrante que destaca por su elegancia y sincronización.","100040 Vive una experiencia única que fusiona la tradición y la gastronomía peruana. Disfruta de un almuerzo buffet con una amplia selección de platos emblemáticos de la cocina peruana, seguido por un emocionante espectáculo de danza, donde se interpretan costumbres ancestrales de las diversas regiones del Perú. El evento culmina con un impresionante show de caballos peruanos de paso, una tradición ecuestre vibrante que destaca por su elegancia y sincronización."
100041,Rafting y Aventura en el Valle de Lunahuaná,"Sumérgete en una jornada llena de emoción y naturaleza en el encantador valle de Lunahuaná. Disfruta de un recorrido rodeado de bellos paisajes, explora sitios históricos preincaicos y vive la adrenalina del rafting en las aguas del río Cañete. Además de la aventura, podrás degustar vinos y piscos artesanales en bodegas tradicionales, conocer el fascinante mundo de la apicultura local y descubrir la cultura viva de este hermoso valle andino-costeño.","100041 Sumérgete en una jornada llena de emoción y naturaleza en el encantador valle de Lunahuaná. Disfruta de un recorrido rodeado de bellos paisajes, explora sitios históricos preincaicos y vive la adrenalina del rafting en las aguas del río Cañete. Además de la aventura, podrás degustar vinos y piscos artesanales en bodegas tradicionales, conocer el fascinante mundo de la apicultura local y descubrir la cultura viva de este hermoso valle andino-costeño."
100042,Vuelo en Paramotor sobre la Costa Verde,"Vive una experiencia única de libertad y adrenalina sobre el litoral de Lima. Siente la emoción de volar en paramotor mientras contemplas las espectaculares vistas de las playas de San Miguel, Magdalena, San Isidro y Miraflores. Disfruta de un paseo aéreo inolvidable, lleno de paisajes impresionantes y maniobras emocionantes que harán de esta aventura una memoria para toda la vida. Ideal para amantes de la aventura y quienes buscan una nueva perspectiva del mar y la ciudad.","100042 Vive una experiencia única de libertad y adrenalina sobre el litoral de Lima. Siente la emoción de volar en paramotor mientras contemplas las espectaculares vistas de las playas de San Miguel, Magdalena, San Isidro y Miraflores. Disfruta de un paseo aéreo inolvidable, lleno de paisajes impresionantes y maniobras emocionantes que harán de esta aventura una memoria para toda la vida. Ideal para amantes de la aventura y quienes buscan una nueva perspectiva del mar y la ciudad."
100043,Explora el Museo del Oro del Perú,"Sumérgete en la riqueza cultural del antiguo Perú explorando una impresionante colección de piezas de oro, plata y textiles ceremoniales. Descubre máscaras funerarias, utensilios ornamentales y expresiones artísticas de civilizaciones preincaicas e incas. Complementa la visita recorriendo una de las colecciones privadas de armas más grandes del mundo, con espadas, rifles y uniformes históricos que narran épocas pasadas.","100043 Sumérgete en la riqueza cultural del antiguo Perú explorando una impresionante colección de piezas de oro, plata y textiles ceremoniales. Descubre máscaras funerarias, utensilios ornamentales y expresiones artísticas de civilizaciones preincaicas e incas. Complementa la visita recorriendo una de las colecciones privadas de armas más grandes del mundo, con espadas, rifles y uniformes históricos que narran épocas pasadas."
100044,Aventura Subterránea en el Cañón de Autisha,"Vive una experiencia única explorando túneles, cavernas y acantilados ocultos en el impresionante Cañón de Autisha. Atrévete a descender a las profundidades de la tierra para descubrir la misteriosa laguna mágica y una cascada subterránea, rodeado de un entorno natural fascinante. Ideal para los amantes de la aventura, el senderismo y las emociones extremas, este recorrido ofrece también la posibilidad de practicar rappel y, para los más intrépidos, puenting en uno de los puentes más altos de Lima.","100044 Vive una experiencia única explorando túneles, cavernas y acantilados ocultos en el impresionante Cañón de Autisha. Atrévete a descender a las profundidades de la tierra para descubrir la misteriosa laguna mágica y una cascada subterránea, rodeado de un entorno natural fascinante. Ideal para los amantes de la aventura, el senderismo y las emociones extremas, este recorrido ofrece también la posibilidad de practicar rappel y, para los más intrépidos, puenting en uno de los puentes más altos de Lima."
100045,Vuelo en Parapente sobre la Costa Verde,"Disfruta de una experiencia inolvidable sobrevolando la espectacular Costa Verde de Lima en parapente. Acompañado por un piloto experto, deslízate sobre el océano Pacífico y contempla desde el aire los vibrantes distritos costeros de San Miguel, Magdalena del Mar y Miraflores. Siente la libertad y la emoción mientras experimentas la ciudad desde una perspectiva única y llena de adrenalina.","100045 Disfruta de una experiencia inolvidable sobrevolando la espectacular Costa Verde de Lima en parapente. Acompañado por un piloto experto, deslízate sobre el océano Pacífico y contempla desde el aire los vibrantes distritos costeros de San Miguel, Magdalena del Mar y Miraflores. Siente la libertad y la emoción mientras experimentas la ciudad desde una perspectiva única y llena de adrenalina."
100046,Tour Bizarro en Gamarra y el Mercado de las Brujas,"Atrévete a descubrir el lado más auténtico y curioso de Lima en este recorrido bizarro por Gamarra y su enigmático Mercado de las Brujas. Desde vistas panorámicas de la ciudad hasta bocadillos callejeros, conocerás el corazón comercial de Lima antes de sumergirte en un mundo místico de rituales andinos, hierbas aromáticas y medicinas alternativas. Observa prácticas ancestrales y, si te animas, consulta tu futuro con una sabia lectora de hojas de coca. Una experiencia única que cierra viajando como un local en el tren público de regreso.","100046 Atrévete a descubrir el lado más auténtico y curioso de Lima en este recorrido bizarro por Gamarra y su enigmático Mercado de las Brujas. Desde vistas panorámicas de la ciudad hasta bocadillos callejeros, conocerás el corazón comercial de Lima antes de sumergirte en un mundo místico de rituales andinos, hierbas aromáticas y medicinas alternativas. Observa prácticas ancestrales y, si te animas, consulta tu futuro con una sabia lectora de hojas de coca. Una experiencia única que cierra viajando como un local en el tren público de regreso."
100047,Sandboarding y Excursión en Jeep en Chilca,"Surca las dunas doradas de Chilca en una aventura vibrante de sandboarding. Siente la emoción de deslizarte sobre las suaves pendientes mientras el sol baña el desierto en tonos cálidos. El terreno natural ofrece un escenario ideal tanto para quienes buscan aprender como para quienes desean perfeccionar su destreza. Entre subidas en jeep y descensos desafiantes, cada momento se convierte en una mezcla de adrenalina y conexión con el paisaje vasto y abierto.","100047 Surca las dunas doradas de Chilca en una aventura vibrante de sandboarding. Siente la emoción de deslizarte sobre las suaves pendientes mientras el sol baña el desierto en tonos cálidos. El terreno natural ofrece un escenario ideal tanto para quienes buscan aprender como para quienes desean perfeccionar su destreza. Entre subidas en jeep y descensos desafiantes, cada momento se convierte en una mezcla de adrenalina y conexión con el paisaje vasto y abierto."
100048,Pesca en el Sur de Lima,"Descubre la tranquilidad y la emoción de la pesca en las playas del sur de Lima, donde la fresca brisa del Pacífico acompaña cada lanzamiento al mar. Sumérgete en técnicas tradicionales como el spinning con caña y sedal. Entre el vuelo de aves marinas y el rumor de las olas, conecta con la naturaleza mientras perfeccionas tu destreza. Al final, saborea el auténtico placer de degustar pescado fresco, capturado y preparado en el mismo entorno que lo vio nacer.","100048 Descubre la tranquilidad y la emoción de la pesca en las playas del sur de Lima, donde la fresca brisa del Pacífico acompaña cada lanzamiento al mar. Sumérgete en técnicas tradicionales como el spinning con caña y sedal. Entre el vuelo de aves marinas y el rumor de las olas, conecta con la naturaleza mientras perfeccionas tu destreza. Al final, saborea el auténtico placer de degustar pescado fresco, capturado y preparado en el mismo entorno que lo vio nacer."
100049,Sanación Espiritual con Xanga: La Ayahuasca Fumable,"Vive una experiencia espiritual profunda y auténtica en el corazón de Lima, donde las ceremonias personalizadas te guiarán a un viaje trascendental. La Xanga, una medicina vegetal extraída de la Mimosa Hostilis, te invita a explorar el yo interior de manera accesible y breve, pero con efectos profundos. Con la ayuda de un experimentado chamán, podrás conectar con las energías de la naturaleza, explorar tu ser más profundo y sanar emociones ocultas. La ceremonia, rodeada de vibraciones sonoras y un espacio armonizado, es una oportunidad para liberarte de dolor emocional y fomentar tu crecimiento personal. Al final, reflexionarás y te integrarás a tu experiencia con frutas y bebidas frescas, culminando en una conexión duradera con el mundo espiritual.","100049 Vive una experiencia espiritual profunda y auténtica en el corazón de Lima, donde las ceremonias personalizadas te guiarán a un viaje trascendental. La Xanga, una medicina vegetal extraída de la Mimosa Hostilis, te invita a explorar el yo interior de manera accesible y breve, pero con efectos profundos. Con la ayuda de un experimentado chamán, podrás conectar con las energías de la naturaleza, explorar tu ser más profundo y sanar emociones ocultas. La ceremonia, rodeada de vibraciones sonoras y un espacio armonizado, es una oportunidad para liberarte de dolor emocional y fomentar tu crecimiento personal. Al final, reflexionarás y te integrarás a tu experiencia con frutas y bebidas frescas, culminando en una conexión duradera con el mundo espiritual."
100050,Tour Gastronómico Nocturno de Lima,"Embárcate en un viaje de sabores auténticos en Lima, explorando la gastronomía peruana en su versión más vibrante y local. Disfruta de la yuca frita con patatas en la Plaza San Martín , un clásico favorito de los limeños. Después, limpiaremos el paladar con cervezas artesanas peruanas, antes de continuar a San Francisco, donde los churros peruanos, recién hechos y deliciosos, te sorprenderán con su sabor único. El recorrido continúa en el histórico restaurante Cordano, donde podrás probar el célebre bocadillo de chicharrón, uno de los más exquisitos de Lima. En la Avenida Chabuca Granda, los puestos de comida callejera te ofrecerán un festín de delicias locales, para culminar un tour lleno de sabores tradicionales. ¡Una experiencia nocturna que te permitirá saborear la esencia de la cocina peruana en cada rincón de Lima!","100050 Embárcate en un viaje de sabores auténticos en Lima, explorando la gastronomía peruana en su versión más vibrante y local. Disfruta de la yuca frita con patatas en la Plaza San Martín , un clásico favorito de los limeños. Después, limpiaremos el paladar con cervezas artesanas peruanas, antes de continuar a San Francisco, donde los churros peruanos, recién hechos y deliciosos, te sorprenderán con su sabor único. El recorrido continúa en el histórico restaurante Cordano, donde podrás probar el célebre bocadillo de chicharrón, uno de los más exquisitos de Lima. En la Avenida Chabuca Granda, los puestos de comida callejera te ofrecerán un festín de delicias locales, para culminar un tour lleno de sabores tradicionales. ¡Una experiencia nocturna que te permitirá saborear la esencia de la cocina peruana en cada rincón de Lima!"
100051,Excursión a Huaca Mateo Salado,"Sumérgete en la historia preincaica de Lima visitando la Huaca Mateo Salado en el distrito de Pueblo Libre. Este centro ceremonial y administrativo, originalmente de la civilización Yschma, fue más tarde adoptado por los Incas. Destaca por su relevancia dentro del Qhapaq Ñan, la red de caminos que unió el vasto imperio Inca","100051 Sumérgete en la historia preincaica de Lima visitando la Huaca Mateo Salado en el distrito de Pueblo Libre. Este centro ceremonial y administrativo, originalmente de la civilización Yschma, fue más tarde adoptado por los Incas. Destaca por su relevancia dentro del Qhapaq Ñan, la red de caminos que unió el vasto imperio Inca"
100052,Lima Tour de la Ciudad en Autobús Panorámico,"Descubre Lima desde una perspectiva única con un recorrido en autobús panorámico. Disfruta de vistas espectaculares de la ciudad y de su impresionante arquitectura colonial y republicana. Este tour te llevará a través de diversos puntos icónicos de Lima, como el Parque de la Reserva, famoso por su Circuito Mágico del Agua, el complejo de fuentes más grande del mundo en un parque público.","100052 Descubre Lima desde una perspectiva única con un recorrido en autobús panorámico. Disfruta de vistas espectaculares de la ciudad y de su impresionante arquitectura colonial y republicana. Este tour te llevará a través de diversos puntos icónicos de Lima, como el Parque de la Reserva, famoso por su Circuito Mágico del Agua, el complejo de fuentes más grande del mundo en un parque público."
100053,Tour Local del Vino,"Sumérgete en una experiencia sensorial que te conecta con la rica tradición vitivinícola de Lima. En un ambiente que fusiona historia y pasión, descubre el arte del vino en la región de Surco, donde el clima y la geografía son aliados perfectos para la creación de vinos únicos. Visita Vinos y Piscos J. Ugarelli, donde podrás conocer el proceso artesanal detrás de sus excepcionales vinos y piscos. Finalmente, concluye en un bar local de Barranco, el corazón bohemio y cultural de Lima. Aquí, en un ambiente moderno y elegante, disfruta de la última cata de vino","100053 Sumérgete en una experiencia sensorial que te conecta con la rica tradición vitivinícola de Lima. En un ambiente que fusiona historia y pasión, descubre el arte del vino en la región de Surco, donde el clima y la geografía son aliados perfectos para la creación de vinos únicos. Visita Vinos y Piscos J. Ugarelli, donde podrás conocer el proceso artesanal detrás de sus excepcionales vinos y piscos. Finalmente, concluye en un bar local de Barranco, el corazón bohemio y cultural de Lima. Aquí, en un ambiente moderno y elegante, disfruta de la última cata de vino"
100054,Cementerio del Terror Presbítero Maestro: Tour Nocturno,"Embárcate en una inquietante travesía que desvela las leyendas urbanas más escalofriantes de Lima. En este recorrido nocturno, te adentrarás en los oscuros secretos del Cementerio Presbítero Maestro, un lugar cargado de historias paranormales, muertes misteriosas y curiosidades que atraviesan siglos de historia y cultura. Desde el pabellón de los suicidas hasta las inquietantes cripta de los héroes, cada rincón tiene un relato escalofriante que te pondrá la piel de gallina. Una noche de misterio y emoción, ideal para los amantes del suspenso, las historias de terror y la historia de la ciudad.","100054 Embárcate en una inquietante travesía que desvela las leyendas urbanas más escalofriantes de Lima. En este recorrido nocturno, te adentrarás en los oscuros secretos del Cementerio Presbítero Maestro, un lugar cargado de historias paranormales, muertes misteriosas y curiosidades que atraviesan siglos de historia y cultura. Desde el pabellón de los suicidas hasta las inquietantes cripta de los héroes, cada rincón tiene un relato escalofriante que te pondrá la piel de gallina. Una noche de misterio y emoción, ideal para los amantes del suspenso, las historias de terror y la historia de la ciudad."
100055,Aventura en San Mateo de Otao: Adrenalina en la Montaña,"Sumérgete en una experiencia única llena de emoción y paisajes impresionantes en San Mateo de Otao. Este tour de un día te invita a vivir un día lleno de aventura, donde podrás desafiar tus límites y disfrutar de la naturaleza en su máxima expresión. Conquista el puente tibetano extremo, vuela sobre los paisajes en una bicicleta suspendida y atrévete con el teleférico que te elevará hasta los 500 metros sobre el nivel del mar, ofreciéndote vistas panorámicas inolvidables. Además, podrás contemplar la imponente mano gigante conocida como “la mano de Dios” y capturar recuerdos en el arco de bienvenida de Cumbe.","100055 Sumérgete en una experiencia única llena de emoción y paisajes impresionantes en San Mateo de Otao. Este tour de un día te invita a vivir un día lleno de aventura, donde podrás desafiar tus límites y disfrutar de la naturaleza en su máxima expresión. Conquista el puente tibetano extremo, vuela sobre los paisajes en una bicicleta suspendida y atrévete con el teleférico que te elevará hasta los 500 metros sobre el nivel del mar, ofreciéndote vistas panorámicas inolvidables. Además, podrás contemplar la imponente mano gigante conocida como “la mano de Dios” y capturar recuerdos en el arco de bienvenida de Cumbe."
100056,Recorrido Cultural y Artístico por el Callao,"Adéntrate en el corazón del Callao, un distrito que combina historia, arte y vida local. Conocido por su importante puerto y su vibrante comunidad, Callao ha renacido a través del arte urbano. Aquí, las calles están llenas de murales que reflejan tanto su pasado como su presente, creando un ambiente único de creatividad y expresión. Este recorrido te invita a descubrir cómo la comunidad ha transformado su entorno en una galería al aire libre, donde la tradición y la modernidad se entrelazan. Disfruta de la arquitectura histórica, como antiguas plazas y fortalezas, mientras te sumerges en la energía que emana de sus calles y espacios públicos.","100056 Adéntrate en el corazón del Callao, un distrito que combina historia, arte y vida local. Conocido por su importante puerto y su vibrante comunidad, Callao ha renacido a través del arte urbano. Aquí, las calles están llenas de murales que reflejan tanto su pasado como su presente, creando un ambiente único de creatividad y expresión. Este recorrido te invita a descubrir cómo la comunidad ha transformado su entorno en una galería al aire libre, donde la tradición y la modernidad se entrelazan. Disfruta de la arquitectura histórica, como antiguas plazas y fortalezas, mientras te sumerges en la energía que emana de sus calles y espacios públicos."
100057,Huancaya: Un Retiro en el Paraíso Natural,"Sumérgete en la belleza intacta de la Reserva Paisajística Nor Yauyos Cochas. Este impresionante santuario natural alberga lagunas cristalinas, majestuosas cascadas y una gran variedad de aves, ofreciendo una escapatoria perfecta para los amantes de la naturaleza. Vive la magia de Huancaya, donde podrás disfrutar de actividades como remar en las turquesas lagunas y hacer senderismo a través de los tranquilos bosques de árboles nativos, como los queñuales. El paisaje aquí se siente como un paraíso oculto, un refugio sereno donde el aire es fresco y las vistas son impresionantes. A medida que exploras, encontrarás las imponentes cascadas de Cabracancha, el icónico puente colgante y miradores panorámicos que ofrecen vistas espectaculares de valles exuberantes y lagunas brillantes. En cada parada, estarás rodeado por la belleza del entorno, desde la pacífica laguna Huallhua hasta la misteriosa necrópolis de Quimllo, llena de fascinantes mitos y leyendas.","100057 Sumérgete en la belleza intacta de la Reserva Paisajística Nor Yauyos Cochas. Este impresionante santuario natural alberga lagunas cristalinas, majestuosas cascadas y una gran variedad de aves, ofreciendo una escapatoria perfecta para los amantes de la naturaleza. Vive la magia de Huancaya, donde podrás disfrutar de actividades como remar en las turquesas lagunas y hacer senderismo a través de los tranquilos bosques de árboles nativos, como los queñuales. El paisaje aquí se siente como un paraíso oculto, un refugio sereno donde el aire es fresco y las vistas son impresionantes. A medida que exploras, encontrarás las imponentes cascadas de Cabracancha, el icónico puente colgante y miradores panorámicos que ofrecen vistas espectaculares de valles exuberantes y lagunas brillantes. En cada parada, estarás rodeado por la belleza del entorno, desde la pacífica laguna Huallhua hasta la misteriosa necrópolis de Quimllo, llena de fascinantes mitos y leyendas."
100058,Excursión  de Día Completo a Sayán y Churín,"Embárcate en una jornada de exploración y relajación mientras descubres los encantos naturales y culturales de Sayán y Churín. En este recorrido, disfrutarás de la paz de las aguas termales, el sabor auténtico de la gastronomía local y la belleza tranquila de estos destinos cercanos a Lima. Comienza el día sumergiéndote en la calidez de las aguas termales de Tingo y Mamahuarmi, donde podrás relajarte en sus piscinas naturales, conocidas por sus propiedades medicinales. Después de un tiempo de descanso, sigue tu camino hacia Churín, un pintoresco pueblo famoso por su arquitectura colonial y su ambiente tranquilo. Aquí, podrás pasear por su encantadora plaza y descubrir la historia reflejada en la iglesia y otros monumentos emblemáticos. En Sayán, la experiencia se complementa con una degustación de cerveza artesanal local y una visita a su plaza, otro de los puntos de interés de este pintoresco pueblo. A lo largo del día, disfrutarás de la autenticidad de la región, probando platos típicos y compartiendo momentos inolvidables en un entorno de tranquilidad y belleza natural.","100058 Embárcate en una jornada de exploración y relajación mientras descubres los encantos naturales y culturales de Sayán y Churín. En este recorrido, disfrutarás de la paz de las aguas termales, el sabor auténtico de la gastronomía local y la belleza tranquila de estos destinos cercanos a Lima. Comienza el día sumergiéndote en la calidez de las aguas termales de Tingo y Mamahuarmi, donde podrás relajarte en sus piscinas naturales, conocidas por sus propiedades medicinales. Después de un tiempo de descanso, sigue tu camino hacia Churín, un pintoresco pueblo famoso por su arquitectura colonial y su ambiente tranquilo. Aquí, podrás pasear por su encantadora plaza y descubrir la historia reflejada en la iglesia y otros monumentos emblemáticos. En Sayán, la experiencia se complementa con una degustación de cerveza artesanal local y una visita a su plaza, otro de los puntos de interés de este pintoresco pueblo. A lo largo del día, disfrutarás de la autenticidad de la región, probando platos típicos y compartiendo momentos inolvidables en un entorno de tranquilidad y belleza natural."
100059,Marcahuasi: Ruta de Senderismo Full Day,"Embárcate en una aventura única a solo unas horas de Lima, donde el paisaje de la costa se transforma en la majestuosidad de la sierra limeña. Al llegar al pintoresco distrito de San Pedro de Casta, te adentrarás en la misteriosa y energética Marcahuasi, un lugar lleno de formaciones rocosas que parecen animales y figuras humanas, que despiertan la imaginación. Durante una caminata de varias horas, podrás disfrutar de la tranquilidad del entorno mientras exploras impresionantes paisajes naturales que ofrecen una conexión profunda con la paz y la naturaleza. Marcahuasi es un destino ideal para quienes buscan un escape del bullicio y desean vivir una experiencia de calma y exploración en un ambiente único y lleno de magia.","100059 Embárcate en una aventura única a solo unas horas de Lima, donde el paisaje de la costa se transforma en la majestuosidad de la sierra limeña. Al llegar al pintoresco distrito de San Pedro de Casta, te adentrarás en la misteriosa y energética Marcahuasi, un lugar lleno de formaciones rocosas que parecen animales y figuras humanas, que despiertan la imaginación. Durante una caminata de varias horas, podrás disfrutar de la tranquilidad del entorno mientras exploras impresionantes paisajes naturales que ofrecen una conexión profunda con la paz y la naturaleza. Marcahuasi es un destino ideal para quienes buscan un escape del bullicio y desean vivir una experiencia de calma y exploración en un ambiente único y lleno de magia."
100060,Recorrido  por las Iglesias de Lima,"Descubre la rica historia religiosa de Lima en este recorrido por sus iglesias y santuarios más emblemáticos. La capital peruana, marcada por su profunda conexión con la fe católica desde la época colonial, te invita a explorar monumentos religiosos cargados de historia, arte y devoción. Comenzamos en el Santuario y Monasterio de las Nazarenas, donde se venera al Señor de los Milagros, una de las imágenes más veneradas del Perú. Continuamos hacia el Santuario de Santa Rosa de Lima, donde vivió esta santa limeña, y visitamos la Casa de San Martín de Porres, otro de los santos más importantes de la ciudad. Nos adentramos en el Convento de Santo Domingo, con su impresionante campanario rococó, y hacemos una parada en la Plaza de Armas, frente a la majestuosa Catedral de Lima, lugar de descanso de Francisco Pizarro. El Convento de San Francisco nos revelará más sobre el legado religioso de la ciudad, y finalizamos en la Basílica de San Pedro, una joya arquitectónica fundada por la Compañía de Jesús en el siglo XVI.","100060 Descubre la rica historia religiosa de Lima en este recorrido por sus iglesias y santuarios más emblemáticos. La capital peruana, marcada por su profunda conexión con la fe católica desde la época colonial, te invita a explorar monumentos religiosos cargados de historia, arte y devoción. Comenzamos en el Santuario y Monasterio de las Nazarenas, donde se venera al Señor de los Milagros, una de las imágenes más veneradas del Perú. Continuamos hacia el Santuario de Santa Rosa de Lima, donde vivió esta santa limeña, y visitamos la Casa de San Martín de Porres, otro de los santos más importantes de la ciudad. Nos adentramos en el Convento de Santo Domingo, con su impresionante campanario rococó, y hacemos una parada en la Plaza de Armas, frente a la majestuosa Catedral de Lima, lugar de descanso de Francisco Pizarro. El Convento de San Francisco nos revelará más sobre el legado religioso de la ciudad, y finalizamos en la Basílica de San Pedro, una joya arquitectónica fundada por la Compañía de Jesús en el siglo XVI."
100061,Experimenta el Arte Indígena en la Comunidad Shipibo de Lima,"Sumérgete en la riqueza cultural y artística de la Amazonía peruana en esta experiencia única en Lima. Visitaremos el distrito de Rímac, hogar de la mayor comunidad indígena urbana de la ciudad, la etnia Shipibo-Konibo. Esta comunidad se distingue por sus artistas y su profundo respeto por las tradiciones ancestrales. La experiencia comienza con una cálida bienvenida en la casa de uno de los artistas locales, donde aprenderás sobre el significado y la importancia del kene, un arte tradicional que ha sido transmitido a lo largo de generaciones. Tendrás la oportunidad de pintar tu propio lienzo utilizando tintes naturales, los mismos que se emplean en la selva amazónica para crear estas vibrantes obras de arte.","100061 Sumérgete en la riqueza cultural y artística de la Amazonía peruana en esta experiencia única en Lima. Visitaremos el distrito de Rímac, hogar de la mayor comunidad indígena urbana de la ciudad, la etnia Shipibo-Konibo. Esta comunidad se distingue por sus artistas y su profundo respeto por las tradiciones ancestrales. La experiencia comienza con una cálida bienvenida en la casa de uno de los artistas locales, donde aprenderás sobre el significado y la importancia del kene, un arte tradicional que ha sido transmitido a lo largo de generaciones. Tendrás la oportunidad de pintar tu propio lienzo utilizando tintes naturales, los mismos que se emplean en la selva amazónica para crear estas vibrantes obras de arte."
100062,Lima - Antioquia: Experiencia en un Pueblo Colorido,"Antioquia es un encantador pueblo conocido por su vibrante paleta de colores, que llena cada rincón de vida y tradición. Este destino único se distingue por sus paredes adornadas con ilustraciones del Espíritu Santo, creadas en un estilo inspirado en los retablos ayacuchanos. El arte y la cultura local se mezclan con la historia, creando un ambiente lleno de energía y expresión. Durante la visita, tendrás la oportunidad de explorar su arquitectura pintoresca, pasear por sus coloridas calles y disfrutar de la gastronomía tradicional, que incluye platos típicos como el seco de cabrito y chupé de camarón. Además, el pueblo es hogar de comunidades que mantienen vivas sus tradiciones, destacándose la producción artesanal y agroindustrial de productos locales como la manzana y el membrillo.","100062 Antioquia es un encantador pueblo conocido por su vibrante paleta de colores, que llena cada rincón de vida y tradición. Este destino único se distingue por sus paredes adornadas con ilustraciones del Espíritu Santo, creadas en un estilo inspirado en los retablos ayacuchanos. El arte y la cultura local se mezclan con la historia, creando un ambiente lleno de energía y expresión. Durante la visita, tendrás la oportunidad de explorar su arquitectura pintoresca, pasear por sus coloridas calles y disfrutar de la gastronomía tradicional, que incluye platos típicos como el seco de cabrito y chupé de camarón. Además, el pueblo es hogar de comunidades que mantienen vivas sus tradiciones, destacándose la producción artesanal y agroindustrial de productos locales como la manzana y el membrillo."
100063,Clase de Mezcla de Cócteles en el Hotel B,"Sumérgete en el fascinante mundo de la coctelería peruana en una clase participativa en el exclusivo Hotel B, ubicado en el bohemio barrio de Barranco. Aprende a preparar algunos de los cócteles más emblemáticos del Perú, bajo la guía de un barman experimentado. A lo largo de la sesión, descubrirás la historia y los secretos detrás de cada bebida. El ambiente único de este elegante hotel, una mansión de principios del siglo XX, ofrece el entorno perfecto para una experiencia memorable.","100063 Sumérgete en el fascinante mundo de la coctelería peruana en una clase participativa en el exclusivo Hotel B, ubicado en el bohemio barrio de Barranco. Aprende a preparar algunos de los cócteles más emblemáticos del Perú, bajo la guía de un barman experimentado. A lo largo de la sesión, descubrirás la historia y los secretos detrás de cada bebida. El ambiente único de este elegante hotel, una mansión de principios del siglo XX, ofrece el entorno perfecto para una experiencia memorable."
100064,Aventura de Rafting y Naturaleza en el Valle de Lunahuaná,"Disfruta de una emocionante jornada de aventura en el valle de Lunahuaná, uno de los destinos preferidos para los amantes de los deportes al aire libre en Perú. Navega por las aguas del río Cañete en una experiencia de rafting que se adapta tanto a principiantes como a quienes buscan un reto mayor, rodeado de paisajes impresionantes de montañas y campos fértiles. Además del rafting, este entorno ofrece la oportunidad de explorar sitios históricos, como antiguas ruinas prehispánicas, y degustar productos locales como vinos, piscos y mieles artesanales. Lunahuaná combina adrenalina, cultura y gastronomía en un ambiente natural perfecto para desconectarse y vivir una experiencia activa y memorable.","100064 Disfruta de una emocionante jornada de aventura en el valle de Lunahuaná, uno de los destinos preferidos para los amantes de los deportes al aire libre en Perú. Navega por las aguas del río Cañete en una experiencia de rafting que se adapta tanto a principiantes como a quienes buscan un reto mayor, rodeado de paisajes impresionantes de montañas y campos fértiles. Además del rafting, este entorno ofrece la oportunidad de explorar sitios históricos, como antiguas ruinas prehispánicas, y degustar productos locales como vinos, piscos y mieles artesanales. Lunahuaná combina adrenalina, cultura y gastronomía en un ambiente natural perfecto para desconectarse y vivir una experiencia activa y memorable."
100065,Explora las Antiguas Pirámides de Caral,"Descubre Caral, la civilización más antigua de América y una de las primeras del mundo. Este impresionante complejo arqueológico, declarado Patrimonio de la Humanidad, revela pirámides monumentales construidas hace más de 5,000 años, contemporáneas a las antiguas estructuras egipcias. Durante la visita, podrás caminar entre templos ceremoniales, plazas circulares y edificaciones que muestran el avanzado conocimiento social y arquitectónico de esta cultura ancestral. Una experiencia fascinante para quienes buscan conectarse con las raíces más profundas de la historia humana.","100065 Descubre Caral, la civilización más antigua de América y una de las primeras del mundo. Este impresionante complejo arqueológico, declarado Patrimonio de la Humanidad, revela pirámides monumentales construidas hace más de 5,000 años, contemporáneas a las antiguas estructuras egipcias. Durante la visita, podrás caminar entre templos ceremoniales, plazas circulares y edificaciones que muestran el avanzado conocimiento social y arquitectónico de esta cultura ancestral. Una experiencia fascinante para quienes buscan conectarse con las raíces más profundas de la historia humana."
100066,Explora el Cañón de los Perdidos y el Desierto de Ocucaje,"Embárcate en una aventura única a través del desierto de Ocucaje hasta llegar al impresionante Cañón de los Perdidos, una formación geológica esculpida por la erosión del viento y el paso de los siglos. Camina entre paisajes áridos, colinas de múltiples colores y formaciones naturales que parecen de otro planeta. La travesía también te llevará a descubrir fósiles marinos ancestrales y espacios mágicos como la Pampa de Piedras y el Ojo Mágico. Completa la experiencia visitando el oasis de Huacachina, un verdadero paraíso entre dunas, ideal para relajarte o probar deportes de aventura en la arena.","100066 Embárcate en una aventura única a través del desierto de Ocucaje hasta llegar al impresionante Cañón de los Perdidos, una formación geológica esculpida por la erosión del viento y el paso de los siglos. Camina entre paisajes áridos, colinas de múltiples colores y formaciones naturales que parecen de otro planeta. La travesía también te llevará a descubrir fósiles marinos ancestrales y espacios mágicos como la Pampa de Piedras y el Ojo Mágico. Completa la experiencia visitando el oasis de Huacachina, un verdadero paraíso entre dunas, ideal para relajarte o probar deportes de aventura en la arena."
100067,Santa Rosa de Quives y Canta: Tradición y Naturaleza en la Sierra de Lima,"Descubre la historia y la espiritualidad de Santa Rosa de Quives, el lugar donde Santa Rosa de Lima pasó su infancia, y sumérgete en la tradición del pozo de los deseos. Continúa la aventura hacia los paisajes andinos de Canta, rodeado de montañas, cascadas y lagunas de aguas multicolores. Este recorrido combina historia, cultura y naturaleza, ofreciendo un viaje lleno de conexión espiritual y maravillas naturales en el corazón de la sierra limeña.","100067 Descubre la historia y la espiritualidad de Santa Rosa de Quives, el lugar donde Santa Rosa de Lima pasó su infancia, y sumérgete en la tradición del pozo de los deseos. Continúa la aventura hacia los paisajes andinos de Canta, rodeado de montañas, cascadas y lagunas de aguas multicolores. Este recorrido combina historia, cultura y naturaleza, ofreciendo un viaje lleno de conexión espiritual y maravillas naturales en el corazón de la sierra limeña."
100068,Degustación de Café de Especialidad: Del Grano a la Taza,"Explora el fascinante universo del café de especialidad a través de una experiencia sensorial que revela el arte detrás de su producción y preparación. Aprende sobre los procesos que transforman el grano desde su cultivo hasta su taza final, y descubre los matices de sabor en distintas formas de preparación como espresso, americano y cold brew. Una oportunidad única para profundizar tu aprecio por el café en un ambiente apasionado por la calidad y la tradición.","100068 Explora el fascinante universo del café de especialidad a través de una experiencia sensorial que revela el arte detrás de su producción y preparación. Aprende sobre los procesos que transforman el grano desde su cultivo hasta su taza final, y descubre los matices de sabor en distintas formas de preparación como espresso, americano y cold brew. Una oportunidad única para profundizar tu aprecio por el café en un ambiente apasionado por la calidad y la tradición."
100069,Taller de Churros Peruanos,"Sumérgete en una experiencia culinaria donde aprenderás a preparar uno de los postres más emblemáticos de la tradición peruana. Descubre el arte de crear churros dorados y crujientes, explorando distintas combinaciones de sabores y texturas. Más allá de la receta, esta actividad te conecta con el significado cultural de un dulce que ha conquistado generaciones, combinando técnica, creatividad y una atmósfera llena de aromas irresistibles.","100069 Sumérgete en una experiencia culinaria donde aprenderás a preparar uno de los postres más emblemáticos de la tradición peruana. Descubre el arte de crear churros dorados y crujientes, explorando distintas combinaciones de sabores y texturas. Más allá de la receta, esta actividad te conecta con el significado cultural de un dulce que ha conquistado generaciones, combinando técnica, creatividad y una atmósfera llena de aromas irresistibles."
100070,Esquí de Arena y Aventura en las Lomas de Ancón,"Disfruta de una experiencia única de esquí de arena en el impresionante paisaje natural del parque regional Lomas de Ancón. Sobre dunas doradas que se extienden hacia el horizonte, aprenderás a deslizarte adaptando técnicas de esquí alpino a la arena, desde rutas sencillas hasta desafíos más exigentes según tu nivel de experiencia. La travesía combina la emoción de recorrer los desiertos costeros en vehículo todoterreno con la oportunidad de conectar con la naturaleza y apoyar iniciativas de conservación local. Una aventura al aire libre perfecta para quienes buscan deporte, exploración y contacto auténtico con el entorno natural de la costa peruana.","100070 Disfruta de una experiencia única de esquí de arena en el impresionante paisaje natural del parque regional Lomas de Ancón. Sobre dunas doradas que se extienden hacia el horizonte, aprenderás a deslizarte adaptando técnicas de esquí alpino a la arena, desde rutas sencillas hasta desafíos más exigentes según tu nivel de experiencia. La travesía combina la emoción de recorrer los desiertos costeros en vehículo todoterreno con la oportunidad de conectar con la naturaleza y apoyar iniciativas de conservación local. Una aventura al aire libre perfecta para quienes buscan deporte, exploración y contacto auténtico con el entorno natural de la costa peruana."
100071,Recorrido Histórico por el Callao y la Fortaleza del Real Felipe,"Sumérgete en la historia de uno de los puertos más importantes de Sudamérica, el Callao, con un recorrido que te llevará a descubrir sus vibrantes grafitis, galerías y el legado histórico que lo ha forjado como un eje central de comercio y defensa. Explora la imponente Fortaleza del Real Felipe, una estructura construida en el siglo XVII que nos conecta con las luchas y batallas de la época virreinal, y disfruta de las vistas panorámicas del puerto y la bahía. Un viaje por el tiempo y la cultura que culmina con una relajante caminata por la Punta, donde podrás apreciar los hermosos paisajes de la costa limeña.","100071 Sumérgete en la historia de uno de los puertos más importantes de Sudamérica, el Callao, con un recorrido que te llevará a descubrir sus vibrantes grafitis, galerías y el legado histórico que lo ha forjado como un eje central de comercio y defensa. Explora la imponente Fortaleza del Real Felipe, una estructura construida en el siglo XVII que nos conecta con las luchas y batallas de la época virreinal, y disfruta de las vistas panorámicas del puerto y la bahía. Un viaje por el tiempo y la cultura que culmina con una relajante caminata por la Punta, donde podrás apreciar los hermosos paisajes de la costa limeña."
100072,Exploración de los Pantanos de Villa,"Embárcate en una experiencia única en los Pantanos de Villa, una reserva natural que se extiende a lo largo de la costa limeña. Este ecosistema único alberga una impresionante diversidad de especies de aves y flora, lo que convierte el lugar en un paraíso para los amantes de la naturaleza y la observación de aves. Disfruta de un recorrido tranquilo por este refugio natural, donde podrás admirar la belleza del paisaje y aprender sobre los esfuerzos de conservación que protegen este vital ecosistema. Un escape perfecto para quienes buscan paz, naturaleza y un respiro en la ciudad.","100072 Embárcate en una experiencia única en los Pantanos de Villa, una reserva natural que se extiende a lo largo de la costa limeña. Este ecosistema único alberga una impresionante diversidad de especies de aves y flora, lo que convierte el lugar en un paraíso para los amantes de la naturaleza y la observación de aves. Disfruta de un recorrido tranquilo por este refugio natural, donde podrás admirar la belleza del paisaje y aprender sobre los esfuerzos de conservación que protegen este vital ecosistema. Un escape perfecto para quienes buscan paz, naturaleza y un respiro en la ciudad."
100073,Exploración de la Barraca de Villa El Salvador,"Sumérgete en la historia y la vida cotidiana de Villa El Salvador, un distrito que comenzó como un asentamiento humano y ha experimentado un notable desarrollo urbano. Durante este recorrido, descubrirás cómo sus habitantes transformaron un lugar sin servicios básicos en una comunidad organizada y próspera. Acompañado de un guía local, explorarás la famosa Colina y las emblemáticas escaleras amarillas, proyecto urbano que facilita el acceso de los vecinos a sus hogares. En el camino, tendrás la oportunidad de interactuar con la gente local, ver el funcionamiento de un mercado tradicional y visitar una cocina comunitaria que ayuda a los más necesitados. Este recorrido no solo te permitirá comprender el esfuerzo de superación de la comunidad, sino también disfrutar de hermosas vistas panorámicas de la ciudad y el océano Pacífico.","100073 Sumérgete en la historia y la vida cotidiana de Villa El Salvador, un distrito que comenzó como un asentamiento humano y ha experimentado un notable desarrollo urbano. Durante este recorrido, descubrirás cómo sus habitantes transformaron un lugar sin servicios básicos en una comunidad organizada y próspera. Acompañado de un guía local, explorarás la famosa Colina y las emblemáticas escaleras amarillas, proyecto urbano que facilita el acceso de los vecinos a sus hogares. En el camino, tendrás la oportunidad de interactuar con la gente local, ver el funcionamiento de un mercado tradicional y visitar una cocina comunitaria que ayuda a los más necesitados. Este recorrido no solo te permitirá comprender el esfuerzo de superación de la comunidad, sino también disfrutar de hermosas vistas panorámicas de la ciudad y el océano Pacífico."
100074,Ruta de las Lagunas de Marcapomacocha desde Lima,"Embárcate en un viaje hacia lo más profundo de los Andes y explora la impresionante ruta de las lagunas de Marcapomacocha. En este recorrido, serás testigo de la majestuosidad de la cordillera de la Viuda, donde podrás disfrutar de paisajes sobrecogedores, respirar el aire puro de las alturas y conocer la flora y fauna de la zona, incluyendo alpacas, llamas y vicuñas. Durante la travesía, explorarás la fascinante cascada de Carispaccha, con sus impresionantes caídas de agua, y participarás en una ceremonia de pago a la Pachamama en Marcapomacocha, una experiencia espiritual que conecta con las raíces andinas. Las tranquilas aguas de las lagunas de Yantac y Chuchun te ofrecerán vistas inolvidables. Vive una aventura única que combina naturaleza, cultura y la inmensidad de los Andes.","100074 Embárcate en un viaje hacia lo más profundo de los Andes y explora la impresionante ruta de las lagunas de Marcapomacocha. En este recorrido, serás testigo de la majestuosidad de la cordillera de la Viuda, donde podrás disfrutar de paisajes sobrecogedores, respirar el aire puro de las alturas y conocer la flora y fauna de la zona, incluyendo alpacas, llamas y vicuñas. Durante la travesía, explorarás la fascinante cascada de Carispaccha, con sus impresionantes caídas de agua, y participarás en una ceremonia de pago a la Pachamama en Marcapomacocha, una experiencia espiritual que conecta con las raíces andinas. Las tranquilas aguas de las lagunas de Yantac y Chuchun te ofrecerán vistas inolvidables. Vive una aventura única que combina naturaleza, cultura y la inmensidad de los Andes."
100075,Senderismo en Marcahuasi: Aventura en las Alturas,"Adéntrate en la meseta de Marcahuasi, un lugar misterioso y lleno de enigma, donde el paisaje natural se mezcla con formaciones geológicas sorprendentes. Comienza tu aventura en el pintoresco pueblo de San Pedro de Casta, para luego emprender una caminata que te llevará a más de 4,000 metros sobre el nivel del mar, atravesando una tierra llena de historia y leyendas. Al llegar al punto más alto, serás recompensado con una vista espectacular al atardecer, mientras te relajas junto a una hoguera bajo un cielo estrellado. El segundo día de exploración te llevará por formaciones rocosas únicas como la esfinge, el extraterrestre y el alquimista, además de las tranquilas lagunas de Cachu Cachu y Huacracocha. Un recorrido que combina aventura, naturaleza y misterio en un solo destino.","100075 Adéntrate en la meseta de Marcahuasi, un lugar misterioso y lleno de enigma, donde el paisaje natural se mezcla con formaciones geológicas sorprendentes. Comienza tu aventura en el pintoresco pueblo de San Pedro de Casta, para luego emprender una caminata que te llevará a más de 4,000 metros sobre el nivel del mar, atravesando una tierra llena de historia y leyendas. Al llegar al punto más alto, serás recompensado con una vista espectacular al atardecer, mientras te relajas junto a una hoguera bajo un cielo estrellado. El segundo día de exploración te llevará por formaciones rocosas únicas como la esfinge, el extraterrestre y el alquimista, además de las tranquilas lagunas de Cachu Cachu y Huacracocha. Un recorrido que combina aventura, naturaleza y misterio en un solo destino."
100076,Cata de Vinos Locales en Lima: Un Encuentro con la Tradición Vitivinícola,"Descubre la rica tradición vinícola de Lima mientras exploras las mejores bodegas locales. Disfruta de una selección exclusiva de vinos que reflejan la identidad única de la región, donde el clima y el paisaje influyen en la producción de uvas de calidad excepcional. A través de un recorrido por bodegas históricas y modernas, aprenderás sobre los procesos artesanales de vinificación, conociendo las técnicas y pasiones que dan forma a cada botella. Esta experiencia te permitirá sumergirte en la cultura del vino de Lima, mientras saboreas los sabores auténticos que han sido perfeccionados durante generaciones, en un ambiente lleno de historia, arte y la energía vibrante de la ciudad.","100076 Descubre la rica tradición vinícola de Lima mientras exploras las mejores bodegas locales. Disfruta de una selección exclusiva de vinos que reflejan la identidad única de la región, donde el clima y el paisaje influyen en la producción de uvas de calidad excepcional. A través de un recorrido por bodegas históricas y modernas, aprenderás sobre los procesos artesanales de vinificación, conociendo las técnicas y pasiones que dan forma a cada botella. Esta experiencia te permitirá sumergirte en la cultura del vino de Lima, mientras saboreas los sabores auténticos que han sido perfeccionados durante generaciones, en un ambiente lleno de historia, arte y la energía vibrante de la ciudad."
